TMDB ID	url
530915	https://www.bbc.co.uk/iplayer/episode/m001gntn/1917
229403	https://www.bbc.co.uk/iplayer/episode/m001fyf7/2003
918756	https://www.bbc.co.uk/iplayer/episode/m00105h9/2-tone-the-sound-of-coventry
285131	https://www.bbc.co.uk/iplayer/episodes/p0kkzycq/24-awr-newidiodd-gymru
2704	https://www.bbc.co.uk/iplayer/episodes/p00fngkk/2point4-children
44675	https://www.bbc.co.uk/iplayer/episodes/b01psl8r/4-oclock-club
32329	https://www.bbc.co.uk/iplayer/episodes/b00cyyfj/40-minutes
1462888	https://www.bbc.co.uk/iplayer/episode/m002wbvm/40-years-of-simply-red-holding-back-the-years
572297	https://www.bbc.co.uk/iplayer/episode/p011vfqw/4472-flying-scotsman
1146116	https://www.bbc.co.uk/iplayer/episode/p03zvvhl/50-places-to-see-before-you-die
1056642	https://www.bbc.co.uk/iplayer/episodes/p0d96gq9/6-music-artist-in-residence-aaa
600508	https://www.bbc.co.uk/iplayer/episode/b01kl0yv/77-one-day-in-london
279407	https://www.bbc.co.uk/iplayer/episodes/m0026qrl/77-the-london-bombings
611873	https://www.bbc.co.uk/iplayer/episode/m0006p5f/8-days-to-the-moon-and-back
324807	https://www.bbc.co.uk/iplayer/episode/m001h8x3/a-bigger-splash
621710	https://www.bbc.co.uk/iplayer/episode/m002nfs7/a-bump-along-the-way
634356	https://www.bbc.co.uk/iplayer/episode/m0008mzr/a-carryin-stream
276106	https://www.bbc.co.uk/iplayer/episodes/p097xwkf/a-change-of-sex
1593978	https://www.bbc.co.uk/iplayer/episode/m002l6s5/a-choral-pilgrimage-with-the-sixteen
487484	https://www.bbc.co.uk/iplayer/episode/b03ltx4m/a-christmas-carol
1027289	https://www.bbc.co.uk/iplayer/episode/m001gmwp/a-christmas-carol-a-ghost-story
1025269	https://www.bbc.co.uk/iplayer/episode/p00sydsh/a-city-crowned-with-green
65033	https://www.bbc.co.uk/iplayer/episodes/b052hdnr/a-cook-abroad
22649	https://www.bbc.co.uk/iplayer/episode/m000w0pc/a-farewell-to-arms
17435	https://www.bbc.co.uk/iplayer/episodes/m001gmdt/a-ghost-story-for-christmas
218342	https://www.bbc.co.uk/iplayer/episodes/m0020bv6/a-good-girls-guide-to-murder
38114	https://www.bbc.co.uk/iplayer/episodes/b00xchyf/a-history-of-ancient-britain
14269	https://www.bbc.co.uk/iplayer/episodes/b008qpzn/a-history-of-britain-by-simon-schama
270588	https://www.bbc.co.uk/iplayer/episode/p00rzvq2/a-house-in-bayswater
92107	https://www.bbc.co.uk/iplayer/episodes/b09l64y9/a-house-through-time
133638	https://www.bbc.co.uk/iplayer/episodes/m000zhgf/a-killing-in-tiger-bay
223116	https://www.bbc.co.uk/iplayer/episodes/p0f7q3rv/a-kind-of-spark
124907	https://www.bbc.co.uk/iplayer/episodes/m000v5hx/a-life-in-ten-pictures
1600236	https://www.bbc.co.uk/iplayer/episode/m002nnb1/a-mary-berry-christmas
654710	https://www.bbc.co.uk/iplayer/episode/m000cfd5/a-merry-tudor-christmas-with-lucy-worsley
398854	https://www.bbc.co.uk/iplayer/episode/b078jltg/a-midsummer-nights-dream
1668965	https://www.bbc.co.uk/iplayer/episode/m002rvld/a-mustard-seed
28919	https://www.bbc.co.uk/iplayer/episode/p022ktzy/a-passion-for-churches
115194	https://www.bbc.co.uk/iplayer/episodes/p08xc2lh/a-perfect-planet
34344	https://www.bbc.co.uk/iplayer/episodes/b008dqld/a-perfect-spy
1214890	https://www.bbc.co.uk/iplayer/episode/m001bmc0/a-picture-of-birmingham-by-benjamin-zephaniah
484247	https://www.bbc.co.uk/iplayer/episode/m000pbnd/a-simple-favour
10223	https://www.bbc.co.uk/iplayer/episode/b0078cwc/a-simple-plan
346927	https://www.bbc.co.uk/iplayer/episode/b061c786/a-song-for-jenny
135825	https://www.bbc.co.uk/iplayer/episodes/m0010j1n/a-stitch-through-time
105883	https://www.bbc.co.uk/iplayer/episodes/m000lbh9/a-suitable-boy
60157	https://www.bbc.co.uk/iplayer/episodes/p01ftzlq/a-very-british-murder-with-lucy-worsley
77208	https://www.bbc.co.uk/iplayer/episodes/b06h1fys/a-very-british-romance-with-lucy-worsley
1093128	https://www.bbc.co.uk/iplayer/episode/m0027mvx/a-very-short-film-about-longing
92523	https://www.bbc.co.uk/iplayer/episodes/m0002x0t/a-view-from-the-terrace
105589	https://www.bbc.co.uk/iplayer/episodes/m000kl90/a-wild-year
999399	https://www.bbc.co.uk/iplayer/episodes/p013gqj8/a-womans-place
84364	https://www.bbc.co.uk/iplayer/episode/b0078rwh/a-womans-secret
228302	https://www.bbc.co.uk/iplayer/episodes/p0fjht4h/a-wright-family-holiday
131511	https://www.bbc.co.uk/iplayer/episodes/b01qm16p/abadas
