TMDB,ExternalLinkData,Link,Caption
16378,YouTube:https://www.youtube.com/watch?v=sEwySvgfwLE,https://dn710203.ca.archive.org/0/items/the-rutles-all-you-need-is-cash/The%20Rutles%2C%20All%20You%20Need%20Is%20Cash.mp4|https://dn721209.ca.archive.org/0/items/rutles-collection-2025/Videos/1978.%20All%20You%20Need%20Is%20Cash/All%20You%20Need%20Is%20Cash%20%281978%29%20%5BRutles%20Anthology%20NTSC%20Blu-ray%5D.mp4
32694,YouTube:https://www.youtube.com/watch?v=R_tLUMJX0po,https://ia600507.us.archive.org/25/items/rutles-collection-2025/Videos/2002.%20The%20Rutles%202_%20Can%27t%20Buy%20Me%20Lunch/The%20Rutles%202_%20Can%27t%20Buy%20Me%20Lunch%20%282002%29%20%5BNTSC%20DVD%5D.mp4
530,BBC iPlayer:https://www.bbc.co.uk/iplayer/episode/b01pzqj3/wallace-gromit-a-grand-day-out,https://dn711004.ca.archive.org/0/items/a.-grand.-day.-out.-with.-wallace.-and.-gromit.-1989.1080p.-blu-ray.-h-264.-aac-lama/A.Grand.Day.Out.With.Wallace.And.Gromit.1989.1080p.BluRay.H264.AAC-LAMA.mp4|https://archive.org/download/a-grand-day-out-with-wallace-and-gromit-1989/Wallace%20%26%20Gromit%20in%20A%20Grand%20Day%20Out%20%281989%29.ia.mp4
532,BBC iPlayer:https://www.bbc.co.uk/iplayer/episode/b01q0k5b/wallace-gromit-a-close-shave,https://dn710709.ca.archive.org/0/items/wallace.-and.-gromit.-in.-a.-close.-shave.-1995.1080p.-blu-ray.-h-264.-aac-rarbg_202503/Wallace.And.Gromit.In.A.Close.Shave.1995.1080p.BluRay.H264.AAC-RARBG.mp4|https://archive.org/download/a-grand-day-out-with-wallace-and-gromit-1989/Wallace%20and%20Gromit%20in%20A%20Close%20Shave%20%281995%29.ia.mp4
531,BBC iPlayer:https://www.bbc.co.uk/iplayer/episode/b08nfjwt/wallace-gromit-the-wrong-trousers,https://dn711109.ca.archive.org/0/items/wallace-and-gromit-in-the-wrong-trousers-1993-1080p-blu-ray-h-264-aac/Wallace%20And%20Gromit%20In%20The%20Wrong%20Trousers%201993%201080p%20BluRay%20H264%20AAC/Wallace%20And%20Gromit%20In%20The%20Wrong%20Trousers%201993%201080p%20BluRay%20H264%20AAC.mp4|https://archive.org/download/a-grand-day-out-with-wallace-and-gromit-1989/Wallace%20and%20Gromit%20in%20The%20Wrong%20Trousers%20%281993%29.ia.mp4
14447,BBC iPlayer:https://www.bbc.co.uk/iplayer/episode/b00g8hbw/wallace-gromit-a-matter-of-loaf-and-death,https://dn721607.ca.archive.org/0/items/wallace-gromit-s-01-e-04-a-matter-of-loaf-and-death/Wallace%20%26%20Gromit%20-%20S01E04%20-%20A%20Matter%20of%20Loaf%20and%20Death.ia.mp4|https://archive.org/download/a-grand-day-out-with-wallace-and-gromit-1989/Wallace%20and%20Gromit%20in%20A%20Matter%20of%20Loaf%20and%20Death%20%282008%29.ia.mp4
533,Nowhere,https://archive.org/download/720p-match-framerate/720p_Match_Framerate.mp4|https://archive.org/download/a-grand-day-out-with-wallace-and-gromit-1989/Wallace%20Gromit%20in%20The%20Curse%20of%20the%20Were-Rabbit%20%282005%29.ia.mp4
929204,Netflix:https://www.netflix.com/gb/title/81351936,https://archive.org/download/wallace-gromit-vengeance-most-fowl_202504/Wallace%20%26%20Gromit%20Vengeance%20Most%20Fowl.mp4|https://archive.org/download/vengeance-most-fowl_202412/jgjsdjwa.mp4
871,Disney+:https://www.disneyplus.com/en-gb/browse/entity-cc1ecc55-f081-40d0-82c7-50e67b85995c,https://archive.org/download/planet.-of.-the.-apes.-1080p/Planet.Of.The.Apes.1080p.mp4|https://dn720306.ca.archive.org/0/items/classic-sci-fi-films-from-the-1960s-part-two/Planet-of-The-Apes-1968-final.ia.mp4
1591087,Netflix:https://www.netflix.com/gb/title/70217140#episodes|Channel 4:https://www.channel4.com/programmes/peep-show/on-demand/47548-005|Disney+:https://www.disneyplus.com/en-gb/browse/entity-59d13d43-a434-4c4b-9815-59fd1242445b|YouTube:https://www.youtube.com/watch?v=9jaJkTtg9_I&list=PLgZZ9Y_Cr2733dybDuViieB8-PT7SQCLN&index=5,https://archive.org/download/peepshowall/Season%207%20Episode%205.mp4
1602449,YouTube:https://www.youtube.com/watch?v=jBLralAAtVE,https://archive.org/download/GFExtras/Extras%20-%20Named/Between%20the%20Pines.mp4|https://archive.org/download/GFExtras/Extras%20-%20Named/Between%20the%20Pines.ia.mp4
385281,,https://archive.org/download/GFExtras/Extras%20-%20Named/Six%20Strange%20Tales.mp4|https://archive.org/download/GFExtras/Extras%20-%20Named/Six%20Strange%20Tales.ia.mp4
1502518,,https://archive.org/download/GFExtras/Extras%20-%20Named/Even%20Stranger.mp4|https://archive.org/download/GFExtras/Extras%20-%20Named/Even%20Stranger.ia.mp4
531326,YouTube:https://www.youtube.com/watch?v=CEX0eGmMd2o,https://archive.org/download/GFExtras/Extras%20-%20Named/One%20Crazy%20Summer%20-%20Full.mp4|https://archive.org/download/GFExtras/Extras%20-%20Named/One%20Crazy%20Summer%20-%20Full.ia.mp4
675445,Nowhere,https://archive.org/download/101-dalmatians-1992-vhs-french-canadian-copy_202301/Paw%20Patrol%20The%20Movie%20%282021%29.mp4
