TMDB,Link
https://www.youtube.com/embed/qGqiHJTsRkQ?si=wF7Y1XiYVGXZaUoU
661374,https://www.youtube.com/embed/gj5ibYSz8C0?si=RpuBMny2C9VJ9T5P
812583,https://www.youtube.com/embed/0hc8yz5-d5Y?si=ZHgpfazdMNz0t0KJ
766475,https://www.youtube.com/embed/Q00qh7Ab6Mk?si=wgmsZ5FezERlln8D
696806,https://www.youtube.com/embed/IE8HIsIrq4o?si=oIUmZQMfe_LEUhxW
59678,https://www.youtube.com/embed/m0ntk1o4V3k?si=OD65iwroDcHLlvUw
445571,https://www.youtube.com/embed/qmxMAdV6s4U?si=_F2nlGe-cJ18ivfQ
45612,https://www.youtube.com/embed/fAp0dzFXL6k?si=g06TusIvRgRh2YEV
565743,https://www.youtube.com/embed/ZEiwpCJqMM0?si=1lujz50RKDuMyols
